nombres: Giakomo,usuario: 1111,pin: 1111,edad: 18,sueldo: 10000
nombres: ,usuario: 0,pin: 0,edad: 0,sueldo: 0
nombres: HQGH,usuario: 1041,pin: 1041,edad: 30,sueldo: 16724
nombres: AYLN,usuario: 3358,pin: 3358,edad: 72,sueldo: 15281
nombres: XFIR,usuario: 1961,pin: 1961,edad: 20,sueldo: 15436
nombres: CXGG,usuario: 6604,pin: 6604,edad: 70,sueldo: 18421
nombres: FNQD,usuario: 2718,pin: 2718,edad: 59,sueldo: 12538
nombres: FNFO,usuario: 2912,pin: 2912,edad: 41,sueldo: 11703
nombres: RTKJ,usuario: 5322,pin: 5322,edad: 30,sueldo: 17711
nombres: PGGX,usuario: 7868,pin: 7868,edad: 69,sueldo: 12037
nombres: RVYS,usuario: 9723,pin: 9723,edad: 67,sueldo: 13035
nombres: CYSY,usuario: 2842,pin: 2842,edad: 37,sueldo: 11264
nombres: PEVI,usuario: 1446,pin: 1446,edad: 20,sueldo: 16350
nombres: FMZN,usuario: 5101,pin: 5101,edad: 27,sueldo: 16084
nombres: KASV,usuario: 1756,pin: 1756,edad: 67,sueldo: 18308
nombres: ENZK,usuario: 6439,pin: 6439,edad: 28,sueldo: 17118
nombres: FXTL,usuario: 5929,pin: 5929,edad: 32,sueldo: 12658
nombres: PSFA,usuario: 1930,pin: 1930,edad: 34,sueldo: 15021
nombres: OEFX,usuario: 9924,pin: 9924,edad: 54,sueldo: 16573
nombres: OEJU,usuario: 8512,pin: 8512,edad: 21,sueldo: 14355
nombres: ABOY,usuario: 6655,pin: 6655,edad: 64,sueldo: 11150
nombres: EYLF,usuario: 4724,pin: 4724,edad: 72,sueldo: 10007
nombres: PLJV,usuario: 7457,pin: 7457,edad: 21,sueldo: 18909
nombres: PYAM,usuario: 1758,pin: 1758,edad: 57,sueldo: 10506
nombres: WQNQ,usuario: 8413,pin: 8413,edad: 45,sueldo: 11655
nombres: MXUJ,usuario: 7359,pin: 7359,edad: 35,sueldo: 10595
nombres: OVAO,usuario: 4602,pin: 4602,edad: 41,sueldo: 12020
nombres: WHMS,usuario: 7021,pin: 7021,edad: 57,sueldo: 18281
nombres: XCOK,usuario: 1053,pin: 1053,edad: 30,sueldo: 13788
nombres: KVAT,usuario: 1467,pin: 1467,edad: 62,sueldo: 18807
nombres: NLYJ,usuario: 6310,pin: 6310,edad: 45,sueldo: 17616
nombres: IXJS,usuario: 9451,pin: 9451,edad: 67,sueldo: 14798
nombres: KUFN,usuario: 7224,pin: 7224,edad: 43,sueldo: 15702
nombres: ZRZB,usuario: 3485,pin: 3485,edad: 68,sueldo: 12314
nombres: GQOO,usuario: 8448,pin: 8448,edad: 56,sueldo: 11796
nombres: LYHN,usuario: 7281,pin: 7281,edad: 35,sueldo: 12472
nombres: UGZQ,usuario: 1538,pin: 1538,edad: 48,sueldo: 12657
nombres: DIUT,usuario: 7191,pin: 7191,edad: 31,sueldo: 17202
nombres: JWAY,usuario: 7272,pin: 7272,edad: 46,sueldo: 14886
nombres: VSCM,usuario: 2433,pin: 2433,edad: 54,sueldo: 13881
nombres: JLFV,usuario: 2322,pin: 2322,edad: 35,sueldo: 11476
nombres: FAAO,usuario: 7389,pin: 7389,edad: 49,sueldo: 13003
nombres: YLNT,usuario: 9861,pin: 9861,edad: 20,sueldo: 17423
nombres: CPWS,usuario: 2585,pin: 2585,edad: 48,sueldo: 11617
nombres: SJWH,usuario: 1832,pin: 1832,edad: 49,sueldo: 18189
nombres: COBZ,usuario: 5329,pin: 5329,edad: 38,sueldo: 13434
nombres: WLQI,usuario: 8441,pin: 8441,edad: 55,sueldo: 13753
nombres: DWVX,usuario: 4423,pin: 4423,edad: 72,sueldo: 14549
nombres: BLDV,usuario: 2866,pin: 2866,edad: 63,sueldo: 12416
nombres: WGBU,usuario: 8105,pin: 8105,edad: 70,sueldo: 10114
nombres: BORX,usuario: 5316,pin: 5316,edad: 34,sueldo: 16355
nombres: CSMP,usuario: 3053,pin: 3053,edad: 21,sueldo: 14313
nombres: GMGN,usuario: 2321,pin: 2321,edad: 36,sueldo: 14144
nombres: FDXO,usuario: 3222,pin: 3222,edad: 55,sueldo: 12173
nombres: BGXP,usuario: 4044,pin: 4044,edad: 66,sueldo: 12024
nombres: NFET,usuario: 3510,pin: 3510,edad: 43,sueldo: 14474
nombres: EPZS,usuario: 3168,pin: 3168,edad: 35,sueldo: 17391
nombres: JUGG,usuario: 4625,pin: 4625,edad: 30,sueldo: 12334
nombres: JDQZ,usuario: 7372,pin: 7372,edad: 35,sueldo: 11297
nombres: PEVQ,usuario: 9177,pin: 9177,edad: 36,sueldo: 18192
nombres: EPJS,usuario: 4102,pin: 4102,edad: 47,sueldo: 14099
nombres: JAZU,usuario: 3625,pin: 3625,edad: 49,sueldo: 14061
nombres: CHHB,usuario: 5003,pin: 5003,edad: 33,sueldo: 14031
nombres: KIMW,usuario: 1142,pin: 1142,edad: 23,sueldo: 11187
nombres: IWYB,usuario: 5413,pin: 5413,edad: 28,sueldo: 13833
nombres: UNFS,usuario: 8760,pin: 8760,edad: 50,sueldo: 10140
nombres: SRTE,usuario: 3695,pin: 3695,edad: 47,sueldo: 13694
nombres: DCYZ,usuario: 9302,pin: 9302,edad: 67,sueldo: 15851
nombres: UHMS,usuario: 2018,pin: 2018,edad: 31,sueldo: 10087
nombres: OZIJ,usuario: 2926,pin: 2926,edad: 52,sueldo: 10576
nombres: IONE,usuario: 4043,pin: 4043,edad: 61,sueldo: 18086
nombres: PSZR,usuario: 4487,pin: 4487,edad: 45,sueldo: 15629
nombres: YMMT,usuario: 8423,pin: 8423,edad: 36,sueldo: 16596
nombres: DZQS,usuario: 5261,pin: 5261,edad: 23,sueldo: 16202
nombres: UVNP,usuario: 6030,pin: 6030,edad: 67,sueldo: 17547
nombres: UACB,usuario: 4520,pin: 4520,edad: 70,sueldo: 14940
nombres: XMHE,usuario: 1662,pin: 1662,edad: 28,sueldo: 18578
nombres: LEGR,usuario: 5007,pin: 5007,edad: 31,sueldo: 12303
nombres: KDMB,usuario: 2357,pin: 2357,edad: 57,sueldo: 15887
nombres: EQTG,usuario: 5850,pin: 5850,edad: 33,sueldo: 11405
nombres: ARMO,usuario: 5111,pin: 5111,edad: 55,sueldo: 12350
nombres: QYOX,usuario: 6485,pin: 6485,edad: 79,sueldo: 18526
nombres: BBHA,usuario: 3337,pin: 3337,edad: 52,sueldo: 14022
nombres: DCPR,usuario: 2112,pin: 2112,edad: 54,sueldo: 16423
nombres: PHOO,usuario: 7229,pin: 7229,edad: 56,sueldo: 12855
nombres: WQYU,usuario: 8962,pin: 8962,edad: 54,sueldo: 13457
nombres: ZHNB,usuario: 5532,pin: 5532,edad: 22,sueldo: 12635
nombres: VQNQ,usuario: 5848,pin: 5848,edad: 65,sueldo: 15754
nombres: ZJPX,usuario: 5741,pin: 5741,edad: 60,sueldo: 18870
nombres: VLIE,usuario: 5934,pin: 5934,edad: 29,sueldo: 14279
nombres: UZOS,usuario: 4193,pin: 4193,edad: 70,sueldo: 11993
nombres: USVO,usuario: 8705,pin: 8705,edad: 69,sueldo: 15413
nombres: ZMWZ,usuario: 2855,pin: 2855,edad: 70,sueldo: 13877
nombres: KJIL,usuario: 6678,pin: 6678,edad: 61,sueldo: 11040
nombres: AAMD,usuario: 1875,pin: 1875,edad: 72,sueldo: 15932
nombres: NPUU,usuario: 4695,pin: 4695,edad: 78,sueldo: 11685
nombres: PQNJ,usuario: 2497,pin: 2497,edad: 66,sueldo: 11314
nombres: WAXX,usuario: 9740,pin: 9740,edad: 61,sueldo: 12192
nombres: NHHL,usuario: 8264,pin: 8264,edad: 32,sueldo: 12608
nombres: ZUDL,usuario: 6997,pin: 6997,edad: 37,sueldo: 16467
nombres: OTCJ,usuario: 9129,pin: 9129,edad: 44,sueldo: 16077
nombres: XUGL,usuario: 9683,pin: 9683,edad: 41,sueldo: 15392
nombres: MZCN,usuario: 3670,pin: 3670,edad: 24,sueldo: 10786
nombres: VFAJ,usuario: 7970,pin: 7970,edad: 52,sueldo: 13221
nombres: XOTH,usuario: 6706,pin: 6706,edad: 45,sueldo: 10240
nombres: BJZW,usuario: 8542,pin: 8542,edad: 41,sueldo: 14818
nombres: LJFR,usuario: 1750,pin: 1750,edad: 73,sueldo: 12422
nombres: MYHC,usuario: 3247,pin: 3247,edad: 54,sueldo: 14913
nombres: IWKB,usuario: 4545,pin: 4545,edad: 60,sueldo: 16262
nombres: BGFC,usuario: 5985,pin: 5985,edad: 30,sueldo: 15245
nombres: YHJU,usuario: 2318,pin: 2318,edad: 27,sueldo: 16472
nombres: WTBV,usuario: 8087,pin: 8087,edad: 70,sueldo: 15423
nombres: HBBC,usuario: 3600,pin: 3600,edad: 52,sueldo: 13543
nombres: FBXV,usuario: 3088,pin: 3088,edad: 65,sueldo: 15049
nombres: GKCF,usuario: 2588,pin: 2588,edad: 23,sueldo: 11758
nombres: COTZ,usuario: 3888,pin: 3888,edad: 20,sueldo: 13430
nombres: BMJR,usuario: 1748,pin: 1748,edad: 77,sueldo: 15226
nombres: ZTSS,usuario: 8038,pin: 8038,edad: 24,sueldo: 11923
nombres: OEFW,usuario: 6257,pin: 6257,edad: 55,sueldo: 15726
nombres: XJHG,usuario: 4025,pin: 4025,edad: 80,sueldo: 10584
nombres: UPZW,usuario: 9964,pin: 9964,edad: 69,sueldo: 14196
nombres: QURP,usuario: 8072,pin: 8072,edad: 76,sueldo: 15404
nombres: QFLD,usuario: 3626,pin: 3626,edad: 55,sueldo: 17036
nombres: EOOW,usuario: 3141,pin: 3141,edad: 53,sueldo: 15936
nombres: DHNE,usuario: 3482,pin: 3482,edad: 66,sueldo: 18841
nombres: HAIM,usuario: 3011,pin: 3011,edad: 60,sueldo: 15662
nombres: FSKU,usuario: 2893,pin: 2893,edad: 49,sueldo: 17262
nombres: BURI,usuario: 6454,pin: 6454,edad: 42,sueldo: 10148
nombres: BREC,usuario: 4317,pin: 4317,edad: 49,sueldo: 13080
nombres: ABFC,usuario: 8858,pin: 8858,edad: 36,sueldo: 12903
nombres: ZEZT,usuario: 3643,pin: 3643,edad: 21,sueldo: 16948
nombres: UKUH,usuario: 5653,pin: 5653,edad: 52,sueldo: 13831
nombres: FCZZ,usuario: 4878,pin: 4878,edad: 66,sueldo: 13003
nombres: KQDP,usuario: 1781,pin: 1781,edad: 58,sueldo: 16698
nombres: KFOB,usuario: 4722,pin: 4722,edad: 23,sueldo: 16234
nombres: HTHX,usuario: 1961,pin: 1961,edad: 36,sueldo: 16937
nombres: KJEL,usuario: 1058,pin: 1058,edad: 53,sueldo: 17215
nombres: AXAM,usuario: 8815,pin: 8815,edad: 22,sueldo: 11082
nombres: OSWI,usuario: 8085,pin: 8085,edad: 46,sueldo: 12815
nombres: TPCC,usuario: 7541,pin: 7541,edad: 76,sueldo: 15073
nombres: KELJ,usuario: 6977,pin: 6977,edad: 29,sueldo: 11008
nombres: HRCQ,usuario: 7790,pin: 7790,edad: 22,sueldo: 16778
nombres: NEFX,usuario: 6071,pin: 6071,edad: 65,sueldo: 14867
nombres: GZED,usuario: 6295,pin: 6295,edad: 56,sueldo: 11650
nombres: NGYC,usuario: 4309,pin: 4309,edad: 30,sueldo: 13249
nombres: DMPH,usuario: 2528,pin: 2528,edad: 65,sueldo: 18826
nombres: KOTR,usuario: 8516,pin: 8516,edad: 79,sueldo: 11964
nombres: POFG,usuario: 6686,pin: 6686,edad: 61,sueldo: 12309
nombres: ZQVL,usuario: 9902,pin: 9902,edad: 78,sueldo: 14762
nombres: WWKM,usuario: 1531,pin: 1531,edad: 49,sueldo: 14907
nombres: YYGM,usuario: 6481,pin: 6481,edad: 78,sueldo: 18809
nombres: SZSG,usuario: 6556,pin: 6556,edad: 50,sueldo: 11054
nombres: ODKJ,usuario: 6708,pin: 6708,edad: 50,sueldo: 13114
nombres: WMBM,usuario: 8958,pin: 8958,edad: 57,sueldo: 17269
nombres: HUYF,usuario: 1238,pin: 1238,edad: 80,sueldo: 15498
nombres: AJQK,usuario: 4196,pin: 4196,edad: 51,sueldo: 11146
nombres: ZNAY,usuario: 5037,pin: 5037,edad: 31,sueldo: 13807
nombres: QOYZ,usuario: 1830,pin: 1830,edad: 33,sueldo: 10352
nombres: UBZA,usuario: 5882,pin: 5882,edad: 30,sueldo: 10567
nombres: KHKT,usuario: 1397,pin: 1397,edad: 33,sueldo: 18816
nombres: ZIVC,usuario: 5449,pin: 5449,edad: 56,sueldo: 11940
nombres: URFM,usuario: 7147,pin: 7147,edad: 54,sueldo: 14361
nombres: GEKY,usuario: 8398,pin: 8398,edad: 57,sueldo: 11569
nombres: VXDH,usuario: 1663,pin: 1663,edad: 52,sueldo: 16615
nombres: MVAF,usuario: 5234,pin: 5234,edad: 29,sueldo: 11962
nombres: RXSV,usuario: 4524,pin: 4524,edad: 79,sueldo: 11350
nombres: QDIH,usuario: 5925,pin: 5925,edad: 30,sueldo: 11278
nombres: IGBH,usuario: 8636,pin: 8636,edad: 24,sueldo: 11135
nombres: UJXM,usuario: 5337,pin: 5337,edad: 69,sueldo: 10970
nombres: PNAR,usuario: 4568,pin: 4568,edad: 40,sueldo: 11652
nombres: KEGJ,usuario: 1876,pin: 1876,edad: 36,sueldo: 15640
nombres: HHRJ,usuario: 1819,pin: 1819,edad: 34,sueldo: 18419
nombres: TSQD,usuario: 4805,pin: 4805,edad: 43,sueldo: 12609
nombres: TGPK,usuario: 1166,pin: 1166,edad: 77,sueldo: 11695
nombres: FYCG,usuario: 7589,pin: 7589,edad: 58,sueldo: 18031
nombres: OWQR,usuario: 2426,pin: 2426,edad: 26,sueldo: 13910
nombres: PZSQ,usuario: 5182,pin: 5182,edad: 38,sueldo: 11364
nombres: OGEP,usuario: 2255,pin: 2255,edad: 69,sueldo: 18122
nombres: NVJI,usuario: 4577,pin: 4577,edad: 76,sueldo: 17950
nombres: LYYN,usuario: 1754,pin: 1754,edad: 76,sueldo: 14428
nombres: NUVK,usuario: 1762,pin: 1762,edad: 67,sueldo: 18223
nombres: ECDW,usuario: 9434,pin: 9434,edad: 47,sueldo: 15945
nombres: GFMZ,usuario: 9166,pin: 9166,edad: 76,sueldo: 11532
nombres: PDFO,usuario: 4974,pin: 4974,edad: 78,sueldo: 12331
nombres: MJQW,usuario: 2583,pin: 2583,edad: 29,sueldo: 15776
nombres: UOQH,usuario: 5111,pin: 5111,edad: 40,sueldo: 14324
nombres: FVUZ,usuario: 2677,pin: 2677,edad: 39,sueldo: 14668
nombres: IJGF,usuario: 4991,pin: 4991,edad: 31,sueldo: 12426
nombres: KJDU,usuario: 2697,pin: 2697,edad: 73,sueldo: 15545
nombres: AFBT,usuario: 8185,pin: 8185,edad: 25,sueldo: 14501
nombres: FQRM,usuario: 8128,pin: 8128,edad: 29,sueldo: 11454
nombres: JNHH,usuario: 1681,pin: 1681,edad: 55,sueldo: 10634
nombres: CTYD,usuario: 3972,pin: 3972,edad: 48,sueldo: 14877
nombres: MDCJ,usuario: 1702,pin: 1702,edad: 52,sueldo: 12237
nombres: HTNE,usuario: 6179,pin: 6179,edad: 20,sueldo: 14310
nombres: WXGC,usuario: 3058,pin: 3058,edad: 21,sueldo: 15651
nombres: GRSM,usuario: 8213,pin: 8213,edad: 39,sueldo: 18610
nombres: ARWT,usuario: 8128,pin: 8128,edad: 58,sueldo: 15867
nombres: JBAO,usuario: 2938,pin: 2938,edad: 52,sueldo: 10598
nombres: LWHY,usuario: 3661,pin: 3661,edad: 57,sueldo: 11489
nombres: RUIH,usuario: 7365,pin: 7365,edad: 52,sueldo: 18360
nombres: KIFY,usuario: 9048,pin: 9048,edad: 47,sueldo: 16766
nombres: DHAC,usuario: 2810,pin: 2810,edad: 31,sueldo: 17328
nombres: SGEW,usuario: 3369,pin: 3369,edad: 67,sueldo: 12647
nombres: GONZ,usuario: 1535,pin: 1535,edad: 75,sueldo: 10649
nombres: HGAU,usuario: 9841,pin: 9841,edad: 46,sueldo: 10523
nombres: HREQ,usuario: 7474,pin: 7474,edad: 36,sueldo: 10990
nombres: WKJS,usuario: 5919,pin: 5919,edad: 26,sueldo: 13340
nombres: JHAE,usuario: 1899,pin: 1899,edad: 29,sueldo: 16193
nombres: AAUL,usuario: 8011,pin: 8011,edad: 66,sueldo: 12785
nombres: HJCC,usuario: 5540,pin: 5540,edad: 65,sueldo: 14549
nombres: FVVR,usuario: 9979,pin: 9979,edad: 45,sueldo: 11620
nombres: YEEG,usuario: 5826,pin: 5826,edad: 64,sueldo: 12159
nombres: DRCY,usuario: 9489,pin: 9489,edad: 66,sueldo: 11380
nombres: QDRE,usuario: 1967,pin: 1967,edad: 64,sueldo: 15607
nombres: UBNF,usuario: 4074,pin: 4074,edad: 39,sueldo: 12056
nombres: ROQY,usuario: 5163,pin: 5163,edad: 33,sueldo: 12741
nombres: CWQX,usuario: 7813,pin: 7813,edad: 57,sueldo: 11904
nombres: AUSJ,usuario: 3136,pin: 3136,edad: 62,sueldo: 15584
nombres: CMHG,usuario: 4517,pin: 4517,edad: 66,sueldo: 17249
nombres: PHNQ,usuario: 5758,pin: 5758,edad: 21,sueldo: 10916
nombres: HURK,usuario: 2178,pin: 2178,edad: 20,sueldo: 15007
nombres: FACL,usuario: 7081,pin: 7081,edad: 31,sueldo: 12899
nombres: ZKKL,usuario: 7565,pin: 7565,edad: 31,sueldo: 12929
nombres: LLTE,usuario: 2168,pin: 2168,edad: 59,sueldo: 16748
nombres: MONX,usuario: 2986,pin: 2986,edad: 46,sueldo: 15629
nombres: JZGI,usuario: 6874,pin: 6874,edad: 22,sueldo: 13693
nombres: NZWA,usuario: 1815,pin: 1815,edad: 31,sueldo: 10236
nombres: AEDR,usuario: 1487,pin: 1487,edad: 66,sueldo: 18394
nombres: XZRF,usuario: 8097,pin: 8097,edad: 53,sueldo: 13578
nombres: WJTB,usuario: 8878,pin: 8878,edad: 44,sueldo: 10170
nombres: YNFH,usuario: 5489,pin: 5489,edad: 39,sueldo: 14214
nombres: CENA,usuario: 1007,pin: 1007,edad: 49,sueldo: 14882
nombres: DDXF,usuario: 9641,pin: 9641,edad: 31,sueldo: 16321
nombres: ZCAU,usuario: 5351,pin: 5351,edad: 75,sueldo: 17759
nombres: CKXA,usuario: 4422,pin: 4422,edad: 61,sueldo: 12614
nombres: ZSXT,usuario: 3253,pin: 3253,edad: 66,sueldo: 14431
nombres: BGQN,usuario: 4455,pin: 4455,edad: 71,sueldo: 18296
nombres: PJGO,usuario: 9021,pin: 9021,edad: 50,sueldo: 10135
nombres: LMKX,usuario: 2774,pin: 2774,edad: 41,sueldo: 16922
nombres: CPYP,usuario: 2643,pin: 2643,edad: 60,sueldo: 11680
nombres: CHBD,usuario: 8678,pin: 8678,edad: 31,sueldo: 12855
nombres: RXBZ,usuario: 6716,pin: 6716,edad: 45,sueldo: 11274
nombres: LXVO,usuario: 7353,pin: 7353,edad: 39,sueldo: 10643
nombres: HXGI,usuario: 8172,pin: 8172,edad: 32,sueldo: 14381
nombres: FRCC,usuario: 9890,pin: 9890,edad: 68,sueldo: 13989
nombres: NMJU,usuario: 6165,pin: 6165,edad: 71,sueldo: 18578
nombres: BSQF,usuario: 3206,pin: 3206,edad: 46,sueldo: 14020
nombres: UBSJ,usuario: 7529,pin: 7529,edad: 43,sueldo: 11978
nombres: MSQS,usuario: 5015,pin: 5015,edad: 39,sueldo: 17928
nombres: CPHE,usuario: 2118,pin: 2118,edad: 57,sueldo: 11199
nombres: TFLB,usuario: 3710,pin: 3710,edad: 62,sueldo: 10318
nombres: NPCU,usuario: 2331,pin: 2331,edad: 49,sueldo: 15507
nombres: UPCH,usuario: 9827,pin: 9827,edad: 77,sueldo: 11268
nombres: ZHCP,usuario: 2885,pin: 2885,edad: 41,sueldo: 10406
nombres: RIWN,usuario: 3022,pin: 3022,edad: 58,sueldo: 13038
nombres: DFJP,usuario: 8355,pin: 8355,edad: 27,sueldo: 17584
nombres: FBLK,usuario: 2761,pin: 2761,edad: 69,sueldo: 12447
nombres: EELF,usuario: 2753,pin: 2753,edad: 80,sueldo: 13221
nombres: KUQP,usuario: 4781,pin: 4781,edad: 77,sueldo: 14593
nombres: WNLM,usuario: 8080,pin: 8080,edad: 30,sueldo: 13251
nombres: MKTL,usuario: 4079,pin: 4079,edad: 65,sueldo: 15779
nombres: DMPD,usuario: 4259,pin: 4259,edad: 54,sueldo: 12874
nombres: SGVF,usuario: 9835,pin: 9835,edad: 62,sueldo: 14071
nombres: EMWB,usuario: 5559,pin: 5559,edad: 75,sueldo: 11440
nombres: FSUQ,usuario: 4562,pin: 4562,edad: 51,sueldo: 11797
nombres: SKMK,usuario: 2508,pin: 2508,edad: 74,sueldo: 14493
nombres: MVNO,usuario: 9546,pin: 9546,edad: 51,sueldo: 15335
nombres: FXWH,usuario: 6400,pin: 6400,edad: 57,sueldo: 15588
nombres: BABV,usuario: 9168,pin: 9168,edad: 39,sueldo: 14012
nombres: QFOV,usuario: 3455,pin: 3455,edad: 71,sueldo: 18922
nombres: SQFQ,usuario: 1248,pin: 1248,edad: 73,sueldo: 18650
nombres: TXDZ,usuario: 4335,pin: 4335,edad: 39,sueldo: 14640
nombres: LNTX,usuario: 7199,pin: 7199,edad: 50,sueldo: 13652
nombres: XXWT,usuario: 7033,pin: 7033,edad: 33,sueldo: 12083
nombres: KYTB,usuario: 7814,pin: 7814,edad: 35,sueldo: 12652
nombres: YDNI,usuario: 5769,pin: 5769,edad: 68,sueldo: 13487
nombres: DOJS,usuario: 4276,pin: 4276,edad: 25,sueldo: 15588
nombres: FXAH,usuario: 3271,pin: 3271,edad: 63,sueldo: 15589
nombres: BOCL,usuario: 5978,pin: 5978,edad: 71,sueldo: 15487
nombres: INTD,usuario: 3033,pin: 3033,edad: 33,sueldo: 15790
nombres: DVDX,usuario: 1965,pin: 1965,edad: 43,sueldo: 12669
nombres: BYJZ,usuario: 6671,pin: 6671,edad: 74,sueldo: 15218
nombres: OJUO,usuario: 6844,pin: 6844,edad: 42,sueldo: 11801
nombres: MLVR,usuario: 5490,pin: 5490,edad: 27,sueldo: 15692
nombres: ZDZD,usuario: 3363,pin: 3363,edad: 41,sueldo: 18421
nombres: BXUO,usuario: 1610,pin: 1610,edad: 38,sueldo: 12151
nombres: NCRS,usuario: 9055,pin: 9055,edad: 47,sueldo: 11608
nombres: ZNMO,usuario: 4822,pin: 4822,edad: 66,sueldo: 14290
nombres: IVVG,usuario: 6154,pin: 6154,edad: 37,sueldo: 13724
nombres: PNCK,usuario: 3330,pin: 3330,edad: 66,sueldo: 10846
nombres: HKEB,usuario: 3445,pin: 3445,edad: 23,sueldo: 10338
nombres: HVYG,usuario: 2135,pin: 2135,edad: 39,sueldo: 11908
nombres: SUXH,usuario: 7474,pin: 7474,edad: 65,sueldo: 16734
nombres: UUDQ,usuario: 5056,pin: 5056,edad: 51,sueldo: 15119
nombres: KNHF,usuario: 4432,pin: 4432,edad: 51,sueldo: 12667
nombres: QXKJ,usuario: 7125,pin: 7125,edad: 21,sueldo: 12577
nombres: QTSJ,usuario: 6091,pin: 6091,edad: 36,sueldo: 18793
nombres: EDFU,usuario: 3136,pin: 3136,edad: 77,sueldo: 11074
nombres: OLXJ,usuario: 9790,pin: 9790,edad: 58,sueldo: 17290
nombres: DVFE,usuario: 6072,pin: 6072,edad: 29,sueldo: 13239
nombres: HVHR,usuario: 4053,pin: 4053,edad: 77,sueldo: 16176
nombres: DUKX,usuario: 2695,pin: 2695,edad: 72,sueldo: 15639
nombres: PSSW,usuario: 1621,pin: 1621,edad: 35,sueldo: 16828
nombres: IJJH,usuario: 7399,pin: 7399,edad: 50,sueldo: 16834
nombres: YXOZ,usuario: 8349,pin: 8349,edad: 70,sueldo: 11687
nombres: PFMO,usuario: 7891,pin: 7891,edad: 67,sueldo: 14690
nombres: GONU,usuario: 9935,pin: 9935,edad: 64,sueldo: 18260
nombres: QLAH,usuario: 9705,pin: 9705,edad: 32,sueldo: 14566
nombres: YLJD,usuario: 7038,pin: 7038,edad: 47,sueldo: 15425
nombres: MLTE,usuario: 5189,pin: 5189,edad: 30,sueldo: 12617
nombres: ODSR,usuario: 8023,pin: 8023,edad: 55,sueldo: 11570
nombres: TGTN,usuario: 1458,pin: 1458,edad: 60,sueldo: 12962
nombres: ARJK,usuario: 8975,pin: 8975,edad: 44,sueldo: 13591
nombres: NOVG,usuario: 4388,pin: 4388,edad: 62,sueldo: 17791
nombres: HUNW,usuario: 2133,pin: 2133,edad: 20,sueldo: 18954
nombres: VJJM,usuario: 4585,pin: 4585,edad: 73,sueldo: 11103
nombres: KNHK,usuario: 9233,pin: 9233,edad: 67,sueldo: 13338
nombres: PMML,usuario: 6258,pin: 6258,edad: 68,sueldo: 17302
nombres: SUCV,usuario: 1990,pin: 1990,edad: 33,sueldo: 16135
nombres: YQNW,usuario: 4361,pin: 4361,edad: 36,sueldo: 12178
nombres: VBHR,usuario: 5357,pin: 5357,edad: 30,sueldo: 14380
nombres: WPJB,usuario: 6964,pin: 6964,edad: 27,sueldo: 10504
nombres: WTGT,usuario: 6703,pin: 6703,edad: 69,sueldo: 14552
nombres: MICX,usuario: 2149,pin: 2149,edad: 51,sueldo: 15118
nombres: ARKN,usuario: 9363,pin: 9363,edad: 28,sueldo: 16747
nombres: UUFA,usuario: 6869,pin: 6869,edad: 74,sueldo: 17679
nombres: OSDQ,usuario: 5043,pin: 5043,edad: 23,sueldo: 10850
nombres: TCJG,usuario: 8240,pin: 8240,edad: 64,sueldo: 16477
nombres: QUDO,usuario: 3876,pin: 3876,edad: 52,sueldo: 18798
nombres: JXYA,usuario: 5635,pin: 5635,edad: 42,sueldo: 11262
nombres: QRXY,usuario: 2770,pin: 2770,edad: 33,sueldo: 11888
nombres: UWJX,usuario: 5717,pin: 5717,edad: 39,sueldo: 10065
nombres: JNBK,usuario: 7932,pin: 7932,edad: 46,sueldo: 14028
nombres: MOKA,usuario: 6589,pin: 6589,edad: 54,sueldo: 16407
nombres: PEMV,usuario: 8428,pin: 8428,edad: 63,sueldo: 14071
nombres: ZSVX,usuario: 7459,pin: 7459,edad: 80,sueldo: 15893
nombres: TAPP,usuario: 3274,pin: 3274,edad: 40,sueldo: 18290
nombres: PDPY,usuario: 5307,pin: 5307,edad: 72,sueldo: 17717
nombres: CVBN,usuario: 2703,pin: 2703,edad: 32,sueldo: 10245
nombres: FXSX,usuario: 6651,pin: 6651,edad: 36,sueldo: 11497
nombres: OXTF,usuario: 3250,pin: 3250,edad: 58,sueldo: 18787
nombres: XYTG,usuario: 5287,pin: 5287,edad: 62,sueldo: 11700
nombres: CXAE,usuario: 3461,pin: 3461,edad: 52,sueldo: 16459
nombres: QGND,usuario: 6398,pin: 6398,edad: 67,sueldo: 13614
nombres: WZYI,usuario: 1493,pin: 1493,edad: 62,sueldo: 17670
nombres: BJRQ,usuario: 4476,pin: 4476,edad: 53,sueldo: 15752
nombres: PXYJ,usuario: 7433,pin: 7433,edad: 30,sueldo: 13034
nombres: YZUV,usuario: 2393,pin: 2393,edad: 23,sueldo: 13933
nombres: YBSU,usuario: 9103,pin: 9103,edad: 76,sueldo: 15627
nombres: MFZV,usuario: 1989,pin: 1989,edad: 79,sueldo: 13931
nombres: OVID,usuario: 4875,pin: 4875,edad: 60,sueldo: 12123
nombres: GHOZ,usuario: 2731,pin: 2731,edad: 39,sueldo: 15967
nombres: MSNS,usuario: 3393,pin: 3393,edad: 38,sueldo: 11223
nombres: VMVU,usuario: 4792,pin: 4792,edad: 70,sueldo: 13811
nombres: TFSR,usuario: 8090,pin: 8090,edad: 78,sueldo: 17474
nombres: KNEP,usuario: 1506,pin: 1506,edad: 60,sueldo: 18889
nombres: WEJA,usuario: 1040,pin: 1040,edad: 22,sueldo: 17089
nombres: WCMM,usuario: 4066,pin: 4066,edad: 52,sueldo: 17395
nombres: XXXL,usuario: 3986,pin: 3986,edad: 47,sueldo: 13085
nombres: SXTW,usuario: 5250,pin: 5250,edad: 80,sueldo: 17502
nombres: IDYA,usuario: 4862,pin: 4862,edad: 52,sueldo: 13885
nombres: LEPR,usuario: 7646,pin: 7646,edad: 48,sueldo: 13265
nombres: EXXY,usuario: 6045,pin: 6045,edad: 27,sueldo: 13927
nombres: DDYG,usuario: 8134,pin: 8134,edad: 73,sueldo: 13001
nombres: UYYF,usuario: 1310,pin: 1310,edad: 36,sueldo: 15080
nombres: SFYB,usuario: 6145,pin: 6145,edad: 64,sueldo: 14712
nombres: ZMBI,usuario: 5998,pin: 5998,edad: 68,sueldo: 11539
nombres: TTNH,usuario: 2946,pin: 2946,edad: 48,sueldo: 17858
nombres: ONPY,usuario: 3645,pin: 3645,edad: 44,sueldo: 10675
nombres: TKGN,usuario: 6072,pin: 6072,edad: 43,sueldo: 13542
nombres: HPKX,usuario: 2203,pin: 2203,edad: 41,sueldo: 10078
nombres: OWZA,usuario: 3169,pin: 3169,edad: 31,sueldo: 10721
nombres: NVQH,usuario: 2663,pin: 2663,edad: 51,sueldo: 10700
nombres: MOFI,usuario: 2862,pin: 2862,edad: 29,sueldo: 16016
nombres: FQGV,usuario: 1507,pin: 1507,edad: 63,sueldo: 10821
nombres: ORPJ,usuario: 7643,pin: 7643,edad: 66,sueldo: 15041
nombres: LZMP,usuario: 8264,pin: 8264,edad: 38,sueldo: 10841
nombres: EHRY,usuario: 9615,pin: 9615,edad: 50,sueldo: 14452
nombres: ZUBU,usuario: 7241,pin: 7241,edad: 35,sueldo: 17224
nombres: LFKC,usuario: 4274,pin: 4274,edad: 75,sueldo: 16862
nombres: BGHT,usuario: 6084,pin: 6084,edad: 47,sueldo: 12400
nombres: RAJV,usuario: 6193,pin: 6193,edad: 22,sueldo: 16407
nombres: CWGX,usuario: 5784,pin: 5784,edad: 49,sueldo: 10621
nombres: WCGM,usuario: 1734,pin: 1734,edad: 25,sueldo: 15018
nombres: DEWD,usuario: 4424,pin: 4424,edad: 76,sueldo: 10108
nombres: QWCU,usuario: 4493,pin: 4493,edad: 42,sueldo: 13600
nombres: CILI,usuario: 6318,pin: 6318,edad: 77,sueldo: 17808
nombres: IHLU,usuario: 4478,pin: 4478,edad: 50,sueldo: 17020
nombres: MFCS,usuario: 3554,pin: 3554,edad: 54,sueldo: 11002
nombres: KKXL,usuario: 4104,pin: 4104,edad: 78,sueldo: 18708
nombres: QKVC,usuario: 7533,pin: 7533,edad: 78,sueldo: 10842
nombres: EBKR,usuario: 5161,pin: 5161,edad: 29,sueldo: 10113
nombres: GFGR,usuario: 5591,pin: 5591,edad: 66,sueldo: 17012
nombres: BSGU,usuario: 3959,pin: 3959,edad: 36,sueldo: 15507
nombres: FNHY,usuario: 9584,pin: 9584,edad: 41,sueldo: 16441
nombres: SJAV,usuario: 9013,pin: 9013,edad: 46,sueldo: 18472
nombres: XPAN,usuario: 6676,pin: 6676,edad: 76,sueldo: 16275
nombres: XJDV,usuario: 1532,pin: 1532,edad: 35,sueldo: 18107
nombres: NACZ,usuario: 3451,pin: 3451,edad: 64,sueldo: 11472
nombres: PWZO,usuario: 5494,pin: 5494,edad: 79,sueldo: 13409
nombres: SLRK,usuario: 1038,pin: 1038,edad: 66,sueldo: 12947
nombres: NVGZ,usuario: 6523,pin: 6523,edad: 56,sueldo: 12756
nombres: ZWUD,usuario: 8470,pin: 8470,edad: 66,sueldo: 18160
nombres: ZLKT,usuario: 7705,pin: 7705,edad: 62,sueldo: 14629
nombres: XGYY,usuario: 2317,pin: 2317,edad: 47,sueldo: 13154
nombres: SJVE,usuario: 3833,pin: 3833,edad: 54,sueldo: 13267
nombres: ESBJ,usuario: 4098,pin: 4098,edad: 80,sueldo: 17469
nombres: ERTA,usuario: 1722,pin: 1722,edad: 27,sueldo: 13947
nombres: XHUQ,usuario: 2630,pin: 2630,edad: 57,sueldo: 17626
nombres: CBMU,usuario: 2334,pin: 2334,edad: 37,sueldo: 11154
nombres: KLAS,usuario: 6693,pin: 6693,edad: 68,sueldo: 13100
nombres: JXPT,usuario: 8476,pin: 8476,edad: 59,sueldo: 10361
nombres: UMZF,usuario: 9272,pin: 9272,edad: 34,sueldo: 15504
nombres: CPAB,usuario: 6888,pin: 6888,edad: 68,sueldo: 16464
nombres: FFUN,usuario: 5346,pin: 5346,edad: 43,sueldo: 17292
nombres: FNNB,usuario: 4832,pin: 4832,edad: 31,sueldo: 10330
nombres: BCJP,usuario: 9369,pin: 9369,edad: 48,sueldo: 12317
nombres: LIBI,usuario: 2595,pin: 2595,edad: 52,sueldo: 14453
nombres: PLXE,usuario: 5973,pin: 5973,edad: 72,sueldo: 11883
nombres: KEXD,usuario: 6385,pin: 6385,edad: 34,sueldo: 16567
nombres: VPTT,usuario: 2866,pin: 2866,edad: 36,sueldo: 15764
nombres: TLQL,usuario: 1671,pin: 1671,edad: 22,sueldo: 15657
nombres: VOQO,usuario: 1053,pin: 1053,edad: 62,sueldo: 14675
nombres: NAYY,usuario: 8790,pin: 8790,edad: 70,sueldo: 14489
nombres: QMYJ,usuario: 3744,pin: 3744,edad: 30,sueldo: 10259
nombres: NDSI,usuario: 6609,pin: 6609,edad: 37,sueldo: 13396
nombres: EXWB,usuario: 3458,pin: 3458,edad: 75,sueldo: 15854
nombres: WQVQ,usuario: 9160,pin: 9160,edad: 60,sueldo: 14229
nombres: DLPQ,usuario: 2428,pin: 2428,edad: 36,sueldo: 17366
nombres: IFVG,usuario: 9685,pin: 9685,edad: 35,sueldo: 12208
nombres: GOTZ,usuario: 5162,pin: 5162,edad: 31,sueldo: 17887
nombres: ZQTM,usuario: 6469,pin: 6469,edad: 48,sueldo: 10633
nombres: DEVN,usuario: 7557,pin: 7557,edad: 51,sueldo: 13258
nombres: JITS,usuario: 9843,pin: 9843,edad: 25,sueldo: 12094
nombres: QNJR,usuario: 6174,pin: 6174,edad: 27,sueldo: 13817
nombres: JWPY,usuario: 4292,pin: 4292,edad: 79,sueldo: 13710
nombres: LEYQ,usuario: 6628,pin: 6628,edad: 41,sueldo: 18182
nombres: PAMS,usuario: 7120,pin: 7120,edad: 48,sueldo: 13527
nombres: VXRL,usuario: 5194,pin: 5194,edad: 42,sueldo: 16693
nombres: FEDK,usuario: 9203,pin: 9203,edad: 31,sueldo: 12909
nombres: AVYX,usuario: 4768,pin: 4768,edad: 74,sueldo: 11127
nombres: QVRB,usuario: 2240,pin: 2240,edad: 36,sueldo: 12340
nombres: IGAI,usuario: 7100,pin: 7100,edad: 41,sueldo: 11935
nombres: BBXI,usuario: 6831,pin: 6831,edad: 50,sueldo: 12927
nombres: NCWH,usuario: 4211,pin: 4211,edad: 52,sueldo: 13293
nombres: IRIZ,usuario: 3785,pin: 3785,edad: 79,sueldo: 16671
nombres: PTQQ,usuario: 8452,pin: 8452,edad: 76,sueldo: 10040
nombres: AFJE,usuario: 2834,pin: 2834,edad: 23,sueldo: 11312
nombres: ZPYF,usuario: 8052,pin: 8052,edad: 52,sueldo: 15248
nombres: QMVH,usuario: 3170,pin: 3170,edad: 50,sueldo: 16099
nombres: NXMS,usuario: 2044,pin: 2044,edad: 56,sueldo: 16026
nombres: PTLZ,usuario: 3738,pin: 3738,edad: 73,sueldo: 13380
nombres: TLSL,usuario: 8918,pin: 8918,edad: 21,sueldo: 11088
nombres: TFQJ,usuario: 9613,pin: 9613,edad: 41,sueldo: 10577
nombres: BWHM,usuario: 4402,pin: 4402,edad: 26,sueldo: 12448
nombres: KHDK,usuario: 3153,pin: 3153,edad: 46,sueldo: 14908
nombres: VBEI,usuario: 5993,pin: 5993,edad: 70,sueldo: 16828
nombres: VFVP,usuario: 1705,pin: 1705,edad: 44,sueldo: 12253
nombres: UJAB,usuario: 6684,pin: 6684,edad: 80,sueldo: 11285
nombres: WTBK,usuario: 2968,pin: 2968,edad: 57,sueldo: 10281
nombres: KEMH,usuario: 8256,pin: 8256,edad: 41,sueldo: 13306
nombres: XRNX,usuario: 9860,pin: 9860,edad: 71,sueldo: 10768
nombres: ZLET,usuario: 4995,pin: 4995,edad: 66,sueldo: 17879
nombres: XKRQ,usuario: 6512,pin: 6512,edad: 47,sueldo: 11258
nombres: RNAP,usuario: 6906,pin: 6906,edad: 30,sueldo: 15719
nombres: JPQO,usuario: 6224,pin: 6224,edad: 42,sueldo: 13582
nombres: JSEB,usuario: 9627,pin: 9627,edad: 79,sueldo: 12540
nombres: NKSV,usuario: 5850,pin: 5850,edad: 63,sueldo: 12403
nombres: DZFP,usuario: 7300,pin: 7300,edad: 39,sueldo: 13016
nombres: YCZT,usuario: 2804,pin: 2804,edad: 64,sueldo: 10698
nombres: VEWX,usuario: 2313,pin: 2313,edad: 63,sueldo: 10396
nombres: KUDK,usuario: 4086,pin: 4086,edad: 74,sueldo: 13911
nombres: UPKC,usuario: 6455,pin: 6455,edad: 77,sueldo: 13873
nombres: WUSK,usuario: 4413,pin: 4413,edad: 25,sueldo: 18241
nombres: VDCP,usuario: 6646,pin: 6646,edad: 47,sueldo: 18695
nombres: LPJM,usuario: 4594,pin: 4594,edad: 57,sueldo: 17079
nombres: CYQT,usuario: 1125,pin: 1125,edad: 79,sueldo: 15621
nombres: VVTR,usuario: 8293,pin: 8293,edad: 45,sueldo: 18893
nombres: PEKK,usuario: 3011,pin: 3011,edad: 37,sueldo: 12850
nombres: UPRY,usuario: 9444,pin: 9444,edad: 77,sueldo: 14547
nombres: TEUV,usuario: 1826,pin: 1826,edad: 77,sueldo: 18886
nombres: ICTH,usuario: 6299,pin: 6299,edad: 64,sueldo: 12019
nombres: XCLP,usuario: 1166,pin: 1166,edad: 57,sueldo: 11421
nombres: LWXF,usuario: 7867,pin: 7867,edad: 74,sueldo: 13328
nombres: AYRU,usuario: 8104,pin: 8104,edad: 65,sueldo: 12262
nombres: UFDI,usuario: 4244,pin: 4244,edad: 24,sueldo: 10174
nombres: TKBX,usuario: 2459,pin: 2459,edad: 24,sueldo: 15032
nombres: IRXX,usuario: 2537,pin: 2537,edad: 73,sueldo: 16290
nombres: QMEY,usuario: 4683,pin: 4683,edad: 38,sueldo: 14269
nombres: FICH,usuario: 4137,pin: 4137,edad: 49,sueldo: 11148
nombres: VFJZ,usuario: 2382,pin: 2382,edad: 31,sueldo: 11014
nombres: FDFT,usuario: 1484,pin: 1484,edad: 47,sueldo: 11892
nombres: PSRG,usuario: 2990,pin: 2990,edad: 69,sueldo: 11549
nombres: XTUH,usuario: 1314,pin: 1314,edad: 69,sueldo: 17833
nombres: SPIH,usuario: 2911,pin: 2911,edad: 65,sueldo: 15088
nombres: SSFS,usuario: 7231,pin: 7231,edad: 28,sueldo: 16421
nombres: BQMU,usuario: 5157,pin: 5157,edad: 72,sueldo: 18723
nombres: XCDB,usuario: 1706,pin: 1706,edad: 62,sueldo: 16923
nombres: RGJQ,usuario: 5550,pin: 5550,edad: 30,sueldo: 14510
nombres: KYRT,usuario: 6651,pin: 6651,edad: 80,sueldo: 12245
nombres: VWZX,usuario: 5949,pin: 5949,edad: 22,sueldo: 18624
nombres: XNJO,usuario: 2356,pin: 2356,edad: 29,sueldo: 15286
nombres: JNJU,usuario: 3698,pin: 3698,edad: 51,sueldo: 14490
nombres: YXWQ,usuario: 2410,pin: 2410,edad: 73,sueldo: 15112
nombres: CSZP,usuario: 4529,pin: 4529,edad: 76,sueldo: 14976
nombres: WJDR,usuario: 1085,pin: 1085,edad: 28,sueldo: 12001
nombres: SCIE,usuario: 8693,pin: 8693,edad: 59,sueldo: 11511
nombres: WLAQ,usuario: 3838,pin: 3838,edad: 51,sueldo: 13826
nombres: SJSQ,usuario: 9758,pin: 9758,edad: 21,sueldo: 12777
nombres: LRGL,usuario: 4979,pin: 4979,edad: 52,sueldo: 17128
nombres: NRXR,usuario: 2426,pin: 2426,edad: 71,sueldo: 14785
nombres: AKZT,usuario: 8406,pin: 8406,edad: 54,sueldo: 10956
nombres: XAUN,usuario: 7945,pin: 7945,edad: 25,sueldo: 10335
nombres: VXIO,usuario: 6677,pin: 6677,edad: 48,sueldo: 10675
nombres: QRJS,usuario: 9377,pin: 9377,edad: 75,sueldo: 17253
nombres: DOVW,usuario: 1754,pin: 1754,edad: 45,sueldo: 14310
nombres: HJES,usuario: 1799,pin: 1799,edad: 74,sueldo: 18237
nombres: IZIO,usuario: 4499,pin: 4499,edad: 60,sueldo: 13983
nombres: DPMO,usuario: 8129,pin: 8129,edad: 43,sueldo: 15683
nombres: UYOP,usuario: 9968,pin: 9968,edad: 74,sueldo: 10732
nombres: ZTVJ,usuario: 3684,pin: 3684,edad: 70,sueldo: 12256
nombres: XKEW,usuario: 8640,pin: 8640,edad: 36,sueldo: 15835
nombres: BJSU,usuario: 2615,pin: 2615,edad: 33,sueldo: 10553
nombres: YOEF,usuario: 2878,pin: 2878,edad: 49,sueldo: 16349
nombres: WYEO,usuario: 9984,pin: 9984,edad: 23,sueldo: 14055
nombres: HMGA,usuario: 1462,pin: 1462,edad: 80,sueldo: 18053
nombres: QRHC,usuario: 3822,pin: 3822,edad: 74,sueldo: 14931
nombres: MJVC,usuario: 1505,pin: 1505,edad: 29,sueldo: 11898
nombres: SUFA,usuario: 4447,pin: 4447,edad: 21,sueldo: 12855
nombres: AYZK,usuario: 7338,pin: 7338,edad: 36,sueldo: 13037
nombres: JRJS,usuario: 7767,pin: 7767,edad: 36,sueldo: 13609
nombres: HTYD,usuario: 2854,pin: 2854,edad: 49,sueldo: 16492
nombres: SZXS,usuario: 1175,pin: 1175,edad: 29,sueldo: 17013
nombres: YRVG,usuario: 7712,pin: 7712,edad: 26,sueldo: 10090
nombres: UNWS,usuario: 8915,pin: 8915,edad: 36,sueldo: 15736
nombres: RZFC,usuario: 6416,pin: 6416,edad: 29,sueldo: 14777
nombres: EPLK,usuario: 9200,pin: 9200,edad: 22,sueldo: 17668
nombres: KHRO,usuario: 1729,pin: 1729,edad: 65,sueldo: 12980
nombres: SRWM,usuario: 4470,pin: 4470,edad: 45,sueldo: 16204
nombres: AHYQ,usuario: 8523,pin: 8523,edad: 79,sueldo: 12504
nombres: VSDC,usuario: 4766,pin: 4766,edad: 35,sueldo: 10088
nombres: YHGD,usuario: 8107,pin: 8107,edad: 23,sueldo: 13674
nombres: UKWY,usuario: 8191,pin: 8191,edad: 67,sueldo: 18917
nombres: RSKW,usuario: 4967,pin: 4967,edad: 24,sueldo: 11402
nombres: LSUC,usuario: 4426,pin: 4426,edad: 53,sueldo: 14586
nombres: EPJE,usuario: 9776,pin: 9776,edad: 73,sueldo: 15676
nombres: SGCE,usuario: 8357,pin: 8357,edad: 79,sueldo: 17561
nombres: PQRV,usuario: 1200,pin: 1200,edad: 64,sueldo: 15939
nombres: GROV,usuario: 1290,pin: 1290,edad: 39,sueldo: 16007
nombres: ZXXP,usuario: 7547,pin: 7547,edad: 53,sueldo: 14371
nombres: SRZI,usuario: 8339,pin: 8339,edad: 28,sueldo: 10129
nombres: ZRIO,usuario: 2436,pin: 2436,edad: 67,sueldo: 14202
nombres: ETKZ,usuario: 2238,pin: 2238,edad: 76,sueldo: 16579
nombres: DJIE,usuario: 2727,pin: 2727,edad: 21,sueldo: 16816
nombres: ZBHZ,usuario: 7319,pin: 7319,edad: 62,sueldo: 15271
nombres: YWMX,usuario: 5364,pin: 5364,edad: 78,sueldo: 15501
nombres: PYLR,usuario: 2733,pin: 2733,edad: 39,sueldo: 11522
nombres: LMTB,usuario: 3416,pin: 3416,edad: 32,sueldo: 10138
nombres: BHCW,usuario: 3967,pin: 3967,edad: 72,sueldo: 17439
nombres: YOYH,usuario: 7648,pin: 7648,edad: 53,sueldo: 18872
nombres: OPPR,usuario: 2974,pin: 2974,edad: 43,sueldo: 15745
nombres: QMOM,usuario: 5015,pin: 5015,edad: 32,sueldo: 17524
nombres: GAGI,usuario: 7581,pin: 7581,edad: 37,sueldo: 12876
nombres: QBZX,usuario: 2205,pin: 2205,edad: 43,sueldo: 17191
nombres: OPOT,usuario: 7259,pin: 7259,edad: 65,sueldo: 15624
nombres: NQWT,usuario: 5505,pin: 5505,edad: 23,sueldo: 15046
nombres: ONXW,usuario: 3789,pin: 3789,edad: 50,sueldo: 14901
nombres: UTIF,usuario: 3153,pin: 3153,edad: 69,sueldo: 16346
nombres: KLRN,usuario: 2970,pin: 2970,edad: 23,sueldo: 15532
nombres: MSYQ,usuario: 7896,pin: 7896,edad: 29,sueldo: 16290
nombres: IVAH,usuario: 5852,pin: 5852,edad: 61,sueldo: 13760
nombres: MSCK,usuario: 9729,pin: 9729,edad: 45,sueldo: 11936
nombres: LKIC,usuario: 2790,pin: 2790,edad: 51,sueldo: 16388
nombres: UCOV,usuario: 5101,pin: 5101,edad: 35,sueldo: 15193
nombres: RXAW,usuario: 8754,pin: 8754,edad: 55,sueldo: 17167
nombres: JXWX,usuario: 5345,pin: 5345,edad: 21,sueldo: 11390
nombres: DHLD,usuario: 3189,pin: 3189,edad: 24,sueldo: 16753
nombres: SKNX,usuario: 1613,pin: 1613,edad: 34,sueldo: 12151
nombres: NJSQ,usuario: 2963,pin: 2963,edad: 68,sueldo: 10617
nombres: CCFQ,usuario: 8429,pin: 8429,edad: 22,sueldo: 11698
nombres: BVSS,usuario: 5155,pin: 5155,edad: 51,sueldo: 14762
nombres: VIJS,usuario: 4946,pin: 4946,edad: 50,sueldo: 14540
nombres: ICAA,usuario: 9042,pin: 9042,edad: 73,sueldo: 15715
nombres: WYWT,usuario: 2206,pin: 2206,edad: 55,sueldo: 17611
nombres: PPKW,usuario: 1415,pin: 1415,edad: 45,sueldo: 16919
nombres: JAHT,usuario: 1988,pin: 1988,edad: 71,sueldo: 14509
nombres: IEBP,usuario: 1071,pin: 1071,edad: 28,sueldo: 11999
nombres: UEGY,usuario: 5120,pin: 5120,edad: 61,sueldo: 11915
nombres: THXW,usuario: 2485,pin: 2485,edad: 55,sueldo: 16844
nombres: RWVH,usuario: 3681,pin: 3681,edad: 79,sueldo: 17706
nombres: YAVQ,usuario: 7075,pin: 7075,edad: 79,sueldo: 12884
nombres: ZTOZ,usuario: 7546,pin: 7546,edad: 60,sueldo: 16168
nombres: NANH,usuario: 3307,pin: 3307,edad: 54,sueldo: 10217
nombres: DDND,usuario: 8641,pin: 8641,edad: 55,sueldo: 12736
nombres: EUIO,usuario: 8633,pin: 8633,edad: 64,sueldo: 12279
nombres: IUOZ,usuario: 7870,pin: 7870,edad: 50,sueldo: 16415
nombres: IHWA,usuario: 5231,pin: 5231,edad: 24,sueldo: 18938
nombres: QRDQ,usuario: 6990,pin: 6990,edad: 47,sueldo: 16618
nombres: LXZI,usuario: 8631,pin: 8631,edad: 30,sueldo: 13833
nombres: IISP,usuario: 2563,pin: 2563,edad: 52,sueldo: 16898
nombres: OMCW,usuario: 2945,pin: 2945,edad: 54,sueldo: 15577
nombres: TGRG,usuario: 1683,pin: 1683,edad: 44,sueldo: 14723
nombres: YYTK,usuario: 8653,pin: 8653,edad: 23,sueldo: 14858
nombres: QTMI,usuario: 3656,pin: 3656,edad: 26,sueldo: 14506
nombres: VGAI,usuario: 2684,pin: 2684,edad: 79,sueldo: 14475
nombres: HCCX,usuario: 9850,pin: 9850,edad: 52,sueldo: 12183
nombres: YYHT,usuario: 1892,pin: 1892,edad: 59,sueldo: 15462
nombres: LFCI,usuario: 1258,pin: 1258,edad: 61,sueldo: 14832
nombres: UTOE,usuario: 9683,pin: 9683,edad: 59,sueldo: 10298
nombres: HDAX,usuario: 5283,pin: 5283,edad: 22,sueldo: 15675
nombres: SYWZ,usuario: 1387,pin: 1387,edad: 80,sueldo: 15389
nombres: JNGJ,usuario: 4480,pin: 4480,edad: 54,sueldo: 14785
nombres: XRJV,usuario: 1345,pin: 1345,edad: 37,sueldo: 11735
nombres: CEFK,usuario: 3186,pin: 3186,edad: 69,sueldo: 10521
nombres: GSDY,usuario: 4982,pin: 4982,edad: 62,sueldo: 18792
nombres: MKWD,usuario: 2278,pin: 2278,edad: 64,sueldo: 11976
nombres: KRUQ,usuario: 4121,pin: 4121,edad: 30,sueldo: 14539
nombres: ECMP,usuario: 3257,pin: 3257,edad: 59,sueldo: 12080
nombres: OMDX,usuario: 6391,pin: 6391,edad: 48,sueldo: 14033
nombres: BRYY,usuario: 4136,pin: 4136,edad: 40,sueldo: 14256
nombres: QLZM,usuario: 3703,pin: 3703,edad: 48,sueldo: 15495
nombres: QNKQ,usuario: 1456,pin: 1456,edad: 68,sueldo: 10364
nombres: GIIG,usuario: 5665,pin: 5665,edad: 37,sueldo: 13154
nombres: KWTC,usuario: 2752,pin: 2752,edad: 80,sueldo: 12249
nombres: TERX,usuario: 4079,pin: 4079,edad: 33,sueldo: 15145
nombres: ZYDY,usuario: 2969,pin: 2969,edad: 33,sueldo: 11473
nombres: HNKI,usuario: 4970,pin: 4970,edad: 57,sueldo: 17715
nombres: ZZTD,usuario: 5066,pin: 5066,edad: 46,sueldo: 17259
nombres: SUOW,usuario: 6572,pin: 6572,edad: 76,sueldo: 11168
nombres: CCOC,usuario: 1655,pin: 1655,edad: 45,sueldo: 11406
nombres: JBFR,usuario: 2313,pin: 2313,edad: 58,sueldo: 15461
nombres: GDJD,usuario: 1934,pin: 1934,edad: 38,sueldo: 16153
nombres: NPOS,usuario: 3595,pin: 3595,edad: 23,sueldo: 15859
nombres: DRQR,usuario: 5496,pin: 5496,edad: 46,sueldo: 13519
nombres: VPPA,usuario: 8793,pin: 8793,edad: 28,sueldo: 18107
nombres: TJQV,usuario: 7087,pin: 7087,edad: 64,sueldo: 18552
nombres: PEZT,usuario: 6753,pin: 6753,edad: 21,sueldo: 11886
nombres: YNZF,usuario: 6865,pin: 6865,edad: 72,sueldo: 12435
nombres: QPOX,usuario: 5101,pin: 5101,edad: 47,sueldo: 17578
nombres: HWEW,usuario: 3395,pin: 3395,edad: 61,sueldo: 13511
nombres: BVDK,usuario: 6722,pin: 6722,edad: 68,sueldo: 15038
nombres: FIFR,usuario: 9658,pin: 9658,edad: 56,sueldo: 12503
nombres: QEOJ,usuario: 7300,pin: 7300,edad: 64,sueldo: 15702
nombres: BNSK,usuario: 1818,pin: 1818,edad: 52,sueldo: 15656
nombres: EWZK,usuario: 4332,pin: 4332,edad: 49,sueldo: 17358
nombres: URSQ,usuario: 4987,pin: 4987,edad: 48,sueldo: 11714
nombres: ZVHH,usuario: 7390,pin: 7390,edad: 38,sueldo: 15792
nombres: UMIG,usuario: 5619,pin: 5619,edad: 71,sueldo: 14720
nombres: WBKK,usuario: 6091,pin: 6091,edad: 69,sueldo: 15825
nombres: WZKC,usuario: 9518,pin: 9518,edad: 79,sueldo: 16147
nombres: GXKS,usuario: 4134,pin: 4134,edad: 43,sueldo: 14294
nombres: UWIN,usuario: 9524,pin: 9524,edad: 58,sueldo: 12372
nombres: SOJT,usuario: 4301,pin: 4301,edad: 74,sueldo: 12609
nombres: WMHL,usuario: 7637,pin: 7637,edad: 35,sueldo: 18623
nombres: PECJ,usuario: 5514,pin: 5514,edad: 37,sueldo: 11378
nombres: WSTN,usuario: 9858,pin: 9858,edad: 53,sueldo: 14988
nombres: QUBP,usuario: 8288,pin: 8288,edad: 56,sueldo: 12056
nombres: WGNM,usuario: 4062,pin: 4062,edad: 73,sueldo: 11984
nombres: WICK,usuario: 8049,pin: 8049,edad: 68,sueldo: 10775
nombres: SNPD,usuario: 4665,pin: 4665,edad: 36,sueldo: 14844
nombres: MTER,usuario: 2443,pin: 2443,edad: 79,sueldo: 16733
nombres: LHWB,usuario: 2917,pin: 2917,edad: 27,sueldo: 10074
nombres: GARC,usuario: 6501,pin: 6501,edad: 20,sueldo: 18720
nombres: JYLB,usuario: 5988,pin: 5988,edad: 74,sueldo: 10008
nombres: OFGX,usuario: 1922,pin: 1922,edad: 63,sueldo: 13090
nombres: PBTY,usuario: 4289,pin: 4289,edad: 50,sueldo: 14902
nombres: APKK,usuario: 7369,pin: 7369,edad: 61,sueldo: 13274
nombres: COMV,usuario: 8463,pin: 8463,edad: 70,sueldo: 10503
nombres: DHZX,usuario: 8518,pin: 8518,edad: 45,sueldo: 10661
nombres: PPYE,usuario: 9659,pin: 9659,edad: 74,sueldo: 12645
nombres: EQZN,usuario: 5972,pin: 5972,edad: 29,sueldo: 16835
nombres: CWMF,usuario: 4716,pin: 4716,edad: 75,sueldo: 16620
nombres: QIAN,usuario: 2724,pin: 2724,edad: 33,sueldo: 13445
nombres: QOUI,usuario: 4691,pin: 4691,edad: 60,sueldo: 12877
nombres: AVGZ,usuario: 3942,pin: 3942,edad: 46,sueldo: 18611
nombres: BLSG,usuario: 9724,pin: 9724,edad: 24,sueldo: 17328
nombres: VJLN,usuario: 1804,pin: 1804,edad: 38,sueldo: 12102
nombres: CWVZ,usuario: 1692,pin: 1692,edad: 38,sueldo: 12047
nombres: THYN,usuario: 7290,pin: 7290,edad: 28,sueldo: 13228
nombres: QKWW,usuario: 6471,pin: 6471,edad: 60,sueldo: 12444
nombres: ISGG,usuario: 8125,pin: 8125,edad: 45,sueldo: 16815
nombres: OXPI,usuario: 8226,pin: 8226,edad: 73,sueldo: 13005
nombres: DBAM,usuario: 7333,pin: 7333,edad: 47,sueldo: 14165
nombres: BOKM,usuario: 6518,pin: 6518,edad: 25,sueldo: 14438
nombres: DDPQ,usuario: 5638,pin: 5638,edad: 23,sueldo: 10362
nombres: YJCH,usuario: 3049,pin: 3049,edad: 64,sueldo: 15061
nombres: IEPA,usuario: 1190,pin: 1190,edad: 68,sueldo: 13300
nombres: ROQK,usuario: 1423,pin: 1423,edad: 64,sueldo: 13665
nombres: DBCI,usuario: 6000,pin: 6000,edad: 62,sueldo: 14597
nombres: WAQZ,usuario: 9224,pin: 9224,edad: 56,sueldo: 15267
nombres: KVAK,usuario: 1734,pin: 1734,edad: 36,sueldo: 18211
nombres: VKSW,usuario: 7890,pin: 7890,edad: 25,sueldo: 17545
nombres: DBVQ,usuario: 4754,pin: 4754,edad: 45,sueldo: 12088
nombres: TBCD,usuario: 3815,pin: 3815,edad: 64,sueldo: 12886
nombres: MPPH,usuario: 2809,pin: 2809,edad: 47,sueldo: 14626
nombres: SXOR,usuario: 2411,pin: 2411,edad: 39,sueldo: 14999
nombres: WHJR,usuario: 1829,pin: 1829,edad: 57,sueldo: 12334
nombres: SSLH,usuario: 2094,pin: 2094,edad: 23,sueldo: 12313
nombres: LYDX,usuario: 8117,pin: 8117,edad: 55,sueldo: 16591
nombres: SAGG,usuario: 4576,pin: 4576,edad: 63,sueldo: 17050
nombres: GZVB,usuario: 4945,pin: 4945,edad: 27,sueldo: 16344
nombres: ZJOH,usuario: 2366,pin: 2366,edad: 36,sueldo: 15268
nombres: WTOR,usuario: 6050,pin: 6050,edad: 67,sueldo: 14098
nombres: AXSR,usuario: 4916,pin: 4916,edad: 28,sueldo: 14758
nombres: RLYJ,usuario: 5399,pin: 5399,edad: 49,sueldo: 14342
nombres: MHGL,usuario: 5877,pin: 5877,edad: 61,sueldo: 18252
nombres: FKMM,usuario: 6035,pin: 6035,edad: 46,sueldo: 10101
nombres: VOXH,usuario: 3364,pin: 3364,edad: 48,sueldo: 14841
nombres: OPVY,usuario: 3593,pin: 3593,edad: 65,sueldo: 10873
nombres: OXHZ,usuario: 2109,pin: 2109,edad: 79,sueldo: 15584
nombres: NTOA,usuario: 2499,pin: 2499,edad: 64,sueldo: 16850
nombres: TTCJ,usuario: 9040,pin: 9040,edad: 65,sueldo: 13083
nombres: GMPQ,usuario: 3158,pin: 3158,edad: 40,sueldo: 10366
nombres: BBGC,usuario: 2685,pin: 2685,edad: 76,sueldo: 15470
nombres: TEBI,usuario: 7196,pin: 7196,edad: 60,sueldo: 15190
nombres: NPPR,usuario: 3469,pin: 3469,edad: 41,sueldo: 11654
nombres: WBDH,usuario: 6058,pin: 6058,edad: 76,sueldo: 11900
nombres: CSAE,usuario: 4675,pin: 4675,edad: 27,sueldo: 10085
nombres: BFVI,usuario: 6284,pin: 6284,edad: 38,sueldo: 11670
nombres: WXWD,usuario: 4281,pin: 4281,edad: 80,sueldo: 18199
nombres: FFBF,usuario: 4573,pin: 4573,edad: 30,sueldo: 15233
nombres: XZUK,usuario: 1376,pin: 1376,edad: 69,sueldo: 17467
nombres: CYHZ,usuario: 8528,pin: 8528,edad: 52,sueldo: 12240
nombres: DHTB,usuario: 5623,pin: 5623,edad: 36,sueldo: 10299
nombres: LLKT,usuario: 5099,pin: 5099,edad: 69,sueldo: 16424
nombres: NCTP,usuario: 8389,pin: 8389,edad: 35,sueldo: 16170
nombres: AWON,usuario: 2717,pin: 2717,edad: 36,sueldo: 10740
nombres: WVUA,usuario: 5468,pin: 5468,edad: 23,sueldo: 11765
nombres: CIMC,usuario: 3980,pin: 3980,edad: 38,sueldo: 17311
nombres: QODE,usuario: 4717,pin: 4717,edad: 21,sueldo: 14870
nombres: MUNM,usuario: 8412,pin: 8412,edad: 58,sueldo: 11682
nombres: OMKE,usuario: 3106,pin: 3106,edad: 22,sueldo: 18366
nombres: OFQB,usuario: 7988,pin: 7988,edad: 37,sueldo: 17446
nombres: ZOIZ,usuario: 2052,pin: 2052,edad: 40,sueldo: 11666
nombres: PZAY,usuario: 4670,pin: 4670,edad: 48,sueldo: 17774
nombres: YDWS,usuario: 1429,pin: 1429,edad: 62,sueldo: 15934
nombres: ZTKG,usuario: 3061,pin: 3061,edad: 24,sueldo: 11139
nombres: WPTK,usuario: 6024,pin: 6024,edad: 46,sueldo: 12300
nombres: XRNN,usuario: 7864,pin: 7864,edad: 40,sueldo: 14851
nombres: YWND,usuario: 4794,pin: 4794,edad: 62,sueldo: 16490
nombres: LZKL,usuario: 6819,pin: 6819,edad: 22,sueldo: 10845
nombres: SAMQ,usuario: 9438,pin: 9438,edad: 41,sueldo: 10222
nombres: LNDN,usuario: 1553,pin: 1553,edad: 37,sueldo: 18029
nombres: TKOI,usuario: 3039,pin: 3039,edad: 47,sueldo: 11054
nombres: EICG,usuario: 7192,pin: 7192,edad: 45,sueldo: 14990
nombres: XHRD,usuario: 3743,pin: 3743,edad: 35,sueldo: 10269
nombres: HERU,usuario: 4033,pin: 4033,edad: 68,sueldo: 15842
nombres: VNVS,usuario: 1616,pin: 1616,edad: 43,sueldo: 14245
nombres: OASR,usuario: 4121,pin: 4121,edad: 56,sueldo: 14870
nombres: NLDK,usuario: 5195,pin: 5195,edad: 22,sueldo: 15935
nombres: FZTA,usuario: 8412,pin: 8412,edad: 79,sueldo: 18322
nombres: NATJ,usuario: 1230,pin: 1230,edad: 33,sueldo: 14151
nombres: CLKK,usuario: 6041,pin: 6041,edad: 67,sueldo: 13388
nombres: CAQP,usuario: 1213,pin: 1213,edad: 76,sueldo: 14249
nombres: EQLN,usuario: 8575,pin: 8575,edad: 23,sueldo: 16701
nombres: DDBM,usuario: 3558,pin: 3558,edad: 68,sueldo: 12530
nombres: ZXZM,usuario: 6820,pin: 6820,edad: 68,sueldo: 13902
nombres: DHIS,usuario: 6071,pin: 6071,edad: 44,sueldo: 11622
nombres: XIAG,usuario: 7890,pin: 7890,edad: 76,sueldo: 18933
nombres: AFRS,usuario: 9855,pin: 9855,edad: 68,sueldo: 15659
nombres: HURA,usuario: 6943,pin: 6943,edad: 46,sueldo: 13788
nombres: XZTW,usuario: 4280,pin: 4280,edad: 37,sueldo: 16447
nombres: UUMQ,usuario: 8271,pin: 8271,edad: 51,sueldo: 17636
nombres: EPVV,usuario: 8549,pin: 8549,edad: 34,sueldo: 16190
nombres: IDWM,usuario: 6046,pin: 6046,edad: 58,sueldo: 14985
nombres: NMQU,usuario: 9781,pin: 9781,edad: 45,sueldo: 10494
nombres: IWPU,usuario: 4729,pin: 4729,edad: 22,sueldo: 10352
nombres: DAPD,usuario: 7421,pin: 7421,edad: 68,sueldo: 10259
nombres: AVVI,usuario: 6389,pin: 6389,edad: 49,sueldo: 10666
nombres: OJNO,usuario: 5485,pin: 5485,edad: 35,sueldo: 18141
nombres: WRMV,usuario: 2432,pin: 2432,edad: 45,sueldo: 10165
nombres: QSWR,usuario: 9120,pin: 9120,edad: 79,sueldo: 13596
nombres: ZSXA,usuario: 9514,pin: 9514,edad: 64,sueldo: 15235
nombres: AMNF,usuario: 8344,pin: 8344,edad: 68,sueldo: 10151
nombres: GEOH,usuario: 1083,pin: 1083,edad: 22,sueldo: 18906
nombres: EFUT,usuario: 5452,pin: 5452,edad: 68,sueldo: 16341
nombres: BHPU,usuario: 5290,pin: 5290,edad: 44,sueldo: 15783
nombres: WXQW,usuario: 2793,pin: 2793,edad: 75,sueldo: 13884
nombres: GDJG,usuario: 3335,pin: 3335,edad: 59,sueldo: 10824
nombres: APBH,usuario: 8016,pin: 8016,edad: 26,sueldo: 12923
nombres: DOEM,usuario: 8300,pin: 8300,edad: 58,sueldo: 14655
nombres: POUA,usuario: 6449,pin: 6449,edad: 34,sueldo: 13219
nombres: JHZJ,usuario: 2679,pin: 2679,edad: 48,sueldo: 16631
nombres: LTTR,usuario: 8807,pin: 8807,edad: 78,sueldo: 13488
nombres: WUCR,usuario: 5963,pin: 5963,edad: 76,sueldo: 14997
nombres: VBOZ,usuario: 3511,pin: 3511,edad: 66,sueldo: 16955
nombres: OBAT,usuario: 2661,pin: 2661,edad: 53,sueldo: 15666
nombres: SQCH,usuario: 6048,pin: 6048,edad: 71,sueldo: 11221
nombres: BOFU,usuario: 5175,pin: 5175,edad: 50,sueldo: 15954
nombres: AFKC,usuario: 4454,pin: 4454,edad: 32,sueldo: 11466
nombres: UNTF,usuario: 4856,pin: 4856,edad: 42,sueldo: 10389
nombres: DEYH,usuario: 8004,pin: 8004,edad: 36,sueldo: 15136
nombres: UWQV,usuario: 8582,pin: 8582,edad: 51,sueldo: 18958
nombres: HHHU,usuario: 2983,pin: 2983,edad: 76,sueldo: 17594
nombres: MFEU,usuario: 9653,pin: 9653,edad: 32,sueldo: 11932
nombres: PBNC,usuario: 2824,pin: 2824,edad: 55,sueldo: 13280
nombres: CKAA,usuario: 8966,pin: 8966,edad: 73,sueldo: 13479
nombres: LJRE,usuario: 3703,pin: 3703,edad: 63,sueldo: 13240
nombres: HUDB,usuario: 7610,pin: 7610,edad: 69,sueldo: 17863
nombres: ZLSR,usuario: 3565,pin: 3565,edad: 63,sueldo: 13558
nombres: CCSL,usuario: 7358,pin: 7358,edad: 43,sueldo: 16572
nombres: QZSQ,usuario: 8922,pin: 8922,edad: 69,sueldo: 17343
nombres: VCWN,usuario: 9841,pin: 9841,edad: 36,sueldo: 17811
nombres: RLUK,usuario: 9405,pin: 9405,edad: 63,sueldo: 13271
nombres: OHQJ,usuario: 6694,pin: 6694,edad: 30,sueldo: 14155
nombres: GLGR,usuario: 1650,pin: 1650,edad: 23,sueldo: 15932
nombres: LDKD,usuario: 5210,pin: 5210,edad: 72,sueldo: 11171
nombres: RXJS,usuario: 4695,pin: 4695,edad: 33,sueldo: 16407
nombres: RSXG,usuario: 4884,pin: 4884,edad: 63,sueldo: 14496
nombres: NHCB,usuario: 4537,pin: 4537,edad: 76,sueldo: 10938
nombres: ESUP,usuario: 4228,pin: 4228,edad: 77,sueldo: 16928
nombres: VIPF,usuario: 7149,pin: 7149,edad: 77,sueldo: 16727
nombres: BWZF,usuario: 5353,pin: 5353,edad: 62,sueldo: 13376
nombres: EVNH,usuario: 9742,pin: 9742,edad: 71,sueldo: 12073
nombres: HHFO,usuario: 5749,pin: 5749,edad: 65,sueldo: 18053
nombres: WCVH,usuario: 2052,pin: 2052,edad: 41,sueldo: 18586
nombres: OXQT,usuario: 1731,pin: 1731,edad: 67,sueldo: 14958
nombres: WWUR,usuario: 8054,pin: 8054,edad: 44,sueldo: 10147
nombres: MLDL,usuario: 2511,pin: 2511,edad: 76,sueldo: 14599
nombres: DVEM,usuario: 5261,pin: 5261,edad: 51,sueldo: 13076
nombres: LXUB,usuario: 1403,pin: 1403,edad: 26,sueldo: 11212
nombres: VRGK,usuario: 4129,pin: 4129,edad: 25,sueldo: 16831
nombres: RPTI,usuario: 6326,pin: 6326,edad: 44,sueldo: 17836
nombres: XHRE,usuario: 7387,pin: 7387,edad: 24,sueldo: 12829
nombres: QUEZ,usuario: 5361,pin: 5361,edad: 45,sueldo: 16597
nombres: GROO,usuario: 8032,pin: 8032,edad: 72,sueldo: 10081
nombres: UDID,usuario: 5623,pin: 5623,edad: 62,sueldo: 13282
nombres: TJHY,usuario: 6437,pin: 6437,edad: 56,sueldo: 16652
nombres: YHPF,usuario: 2350,pin: 2350,edad: 40,sueldo: 12649
nombres: PRPS,usuario: 3204,pin: 3204,edad: 57,sueldo: 13528
nombres: CXKW,usuario: 6722,pin: 6722,edad: 55,sueldo: 16651
nombres: VFHQ,usuario: 1037,pin: 1037,edad: 75,sueldo: 14759
nombres: KFDJ,usuario: 5546,pin: 5546,edad: 22,sueldo: 13161
nombres: EVDG,usuario: 1546,pin: 1546,edad: 37,sueldo: 15458
nombres: FIEK,usuario: 1371,pin: 1371,edad: 43,sueldo: 17254
nombres: YRFC,usuario: 7760,pin: 7760,edad: 57,sueldo: 12113
nombres: CJKC,usuario: 2592,pin: 2592,edad: 78,sueldo: 18525
nombres: MYHJ,usuario: 9644,pin: 9644,edad: 41,sueldo: 17726
nombres: IMDS,usuario: 1773,pin: 1773,edad: 78,sueldo: 14591
nombres: HWZI,usuario: 4223,pin: 4223,edad: 72,sueldo: 14285
nombres: UCEG,usuario: 3702,pin: 3702,edad: 49,sueldo: 12235
nombres: BGYG,usuario: 5762,pin: 5762,edad: 32,sueldo: 18343
nombres: QVZQ,usuario: 8481,pin: 8481,edad: 21,sueldo: 13714
nombres: LGIB,usuario: 4079,pin: 4079,edad: 74,sueldo: 12650
nombres: KIAJ,usuario: 4185,pin: 4185,edad: 76,sueldo: 13425
nombres: HMKQ,usuario: 1769,pin: 1769,edad: 50,sueldo: 11537
nombres: QNGH,usuario: 5077,pin: 5077,edad: 48,sueldo: 12053
nombres: ZGPP,usuario: 7741,pin: 7741,edad: 57,sueldo: 10695
nombres: EOQX,usuario: 9872,pin: 9872,edad: 25,sueldo: 11445
nombres: PMBL,usuario: 9243,pin: 9243,edad: 43,sueldo: 14599
nombres: EOFM,usuario: 5192,pin: 5192,edad: 54,sueldo: 18429
nombres: MJCA,usuario: 3556,pin: 3556,edad: 37,sueldo: 10361
nombres: YVDC,usuario: 2728,pin: 2728,edad: 78,sueldo: 12348
nombres: ERQP,usuario: 9777,pin: 9777,edad: 77,sueldo: 10139
nombres: AKNK,usuario: 7340,pin: 7340,edad: 28,sueldo: 18547
nombres: ZQFL,usuario: 4907,pin: 4907,edad: 57,sueldo: 14009
nombres: KXGK,usuario: 4576,pin: 4576,edad: 31,sueldo: 10369
nombres: NUKB,usuario: 6485,pin: 6485,edad: 33,sueldo: 18658
nombres: PLKH,usuario: 9884,pin: 9884,edad: 66,sueldo: 16791
nombres: FUWO,usuario: 9010,pin: 9010,edad: 70,sueldo: 10579
nombres: PHJB,usuario: 8709,pin: 8709,edad: 25,sueldo: 15023
nombres: VDLN,usuario: 9828,pin: 9828,edad: 21,sueldo: 10743
nombres: KVBE,usuario: 2265,pin: 2265,edad: 71,sueldo: 17604
nombres: TFJY,usuario: 6212,pin: 6212,edad: 51,sueldo: 11197
nombres: GZAG,usuario: 8128,pin: 8128,edad: 51,sueldo: 11089
nombres: EKKO,usuario: 5642,pin: 5642,edad: 71,sueldo: 12486
nombres: CYNK,usuario: 4943,pin: 4943,edad: 48,sueldo: 18349
nombres: SFYT,usuario: 4954,pin: 4954,edad: 30,sueldo: 10285
nombres: ENTO,usuario: 2350,pin: 2350,edad: 80,sueldo: 13232
nombres: ULDV,usuario: 5239,pin: 5239,edad: 27,sueldo: 13987
nombres: ONVK,usuario: 5245,pin: 5245,edad: 51,sueldo: 11479
nombres: CXEP,usuario: 5230,pin: 5230,edad: 69,sueldo: 11718
nombres: ZGXL,usuario: 6377,pin: 6377,edad: 74,sueldo: 12686
nombres: MJYE,usuario: 8257,pin: 8257,edad: 58,sueldo: 17924
nombres: DJES,usuario: 5037,pin: 5037,edad: 45,sueldo: 14367
nombres: JIKV,usuario: 3221,pin: 3221,edad: 61,sueldo: 17547
nombres: DVKX,usuario: 1684,pin: 1684,edad: 32,sueldo: 18162
nombres: ISAA,usuario: 7923,pin: 7923,edad: 42,sueldo: 13180
nombres: VJKD,usuario: 2072,pin: 2072,edad: 75,sueldo: 16174
nombres: DORJ,usuario: 2154,pin: 2154,edad: 78,sueldo: 12237
nombres: GHHH,usuario: 7676,pin: 7676,edad: 71,sueldo: 18595
nombres: IFAW,usuario: 6485,pin: 6485,edad: 47,sueldo: 12073
nombres: QGEM,usuario: 9709,pin: 9709,edad: 43,sueldo: 17475
nombres: QYIC,usuario: 3343,pin: 3343,edad: 63,sueldo: 14361
nombres: YFPC,usuario: 8286,pin: 8286,edad: 55,sueldo: 18233
nombres: AODA,usuario: 1076,pin: 1076,edad: 22,sueldo: 14184
nombres: CQAU,usuario: 3964,pin: 3964,edad: 31,sueldo: 17873
nombres: WDZS,usuario: 3510,pin: 3510,edad: 75,sueldo: 17589
nombres: KPLF,usuario: 6355,pin: 6355,edad: 37,sueldo: 14825
nombres: MNIM,usuario: 5173,pin: 5173,edad: 34,sueldo: 14991
nombres: MJYD,usuario: 7853,pin: 7853,edad: 46,sueldo: 14490
nombres: JNEC,usuario: 2056,pin: 2056,edad: 37,sueldo: 12429
nombres: JBHI,usuario: 2539,pin: 2539,edad: 22,sueldo: 12560
nombres: OCDE,usuario: 6581,pin: 6581,edad: 20,sueldo: 14403
nombres: WILX,usuario: 4462,pin: 4462,edad: 52,sueldo: 17923
nombres: QFOT,usuario: 7740,pin: 7740,edad: 24,sueldo: 11849
nombres: PQUD,usuario: 3576,pin: 3576,edad: 48,sueldo: 11364
nombres: IKPP,usuario: 3508,pin: 3508,edad: 65,sueldo: 14411
nombres: HFQS,usuario: 6117,pin: 6117,edad: 20,sueldo: 12416
nombres: IISY,usuario: 4339,pin: 4339,edad: 53,sueldo: 15433
nombres: HXYF,usuario: 7401,pin: 7401,edad: 68,sueldo: 10437
nombres: FMPD,usuario: 2577,pin: 2577,edad: 47,sueldo: 16540
nombres: CIUD,usuario: 2282,pin: 2282,edad: 66,sueldo: 15458
nombres: NDGC,usuario: 4106,pin: 4106,edad: 48,sueldo: 10555
nombres: ITPP,usuario: 5299,pin: 5299,edad: 60,sueldo: 18194
nombres: XIIS,usuario: 2664,pin: 2664,edad: 20,sueldo: 15487
nombres: PYWS,usuario: 6713,pin: 6713,edad: 36,sueldo: 16766
nombres: XDJP,usuario: 4416,pin: 4416,edad: 78,sueldo: 11459
nombres: FMJO,usuario: 3955,pin: 3955,edad: 56,sueldo: 13914
nombres: YIFV,usuario: 2290,pin: 2290,edad: 67,sueldo: 13936
nombres: WPGP,usuario: 4238,pin: 4238,edad: 52,sueldo: 13041
nombres: AWPV,usuario: 1074,pin: 1074,edad: 64,sueldo: 12276
nombres: HOXU,usuario: 6334,pin: 6334,edad: 50,sueldo: 14592
nombres: BRWH,usuario: 9269,pin: 9269,edad: 32,sueldo: 15471
nombres: COQR,usuario: 8713,pin: 8713,edad: 43,sueldo: 16290
nombres: WZHI,usuario: 5684,pin: 5684,edad: 39,sueldo: 10391
nombres: RKHZ,usuario: 5196,pin: 5196,edad: 38,sueldo: 10012
nombres: ZFHX,usuario: 2869,pin: 2869,edad: 69,sueldo: 12516
nombres: KLIB,usuario: 5515,pin: 5515,edad: 70,sueldo: 10711
nombres: ZZNO,usuario: 3874,pin: 3874,edad: 61,sueldo: 16121
nombres: AXZG,usuario: 3658,pin: 3658,edad: 51,sueldo: 11799
nombres: LSXB,usuario: 6241,pin: 6241,edad: 38,sueldo: 15263
nombres: ILOC,usuario: 9514,pin: 9514,edad: 57,sueldo: 13339
nombres: COZG,usuario: 6670,pin: 6670,edad: 67,sueldo: 14985
nombres: UFUZ,usuario: 9320,pin: 9320,edad: 21,sueldo: 15494
nombres: EEKW,usuario: 6865,pin: 6865,edad: 39,sueldo: 14629
nombres: BICR,usuario: 4026,pin: 4026,edad: 28,sueldo: 13351
nombres: IOGC,usuario: 1003,pin: 1003,edad: 57,sueldo: 16098
nombres: ZPSC,usuario: 2730,pin: 2730,edad: 74,sueldo: 13649
nombres: OTYC,usuario: 8055,pin: 8055,edad: 20,sueldo: 10129
nombres: MBAA,usuario: 7860,pin: 7860,edad: 51,sueldo: 17936
nombres: VUBP,usuario: 2154,pin: 2154,edad: 39,sueldo: 17534
nombres: NMWA,usuario: 5322,pin: 5322,edad: 40,sueldo: 14269
nombres: ZGYZ,usuario: 4429,pin: 4429,edad: 46,sueldo: 15274
nombres: ENFV,usuario: 1099,pin: 1099,edad: 70,sueldo: 14928
nombres: KQJT,usuario: 3284,pin: 3284,edad: 21,sueldo: 14587
nombres: ENKS,usuario: 2997,pin: 2997,edad: 51,sueldo: 12455
nombres: WPLH,usuario: 2630,pin: 2630,edad: 74,sueldo: 14521
nombres: YBVM,usuario: 1964,pin: 1964,edad: 58,sueldo: 12488
nombres: YFAX,usuario: 4320,pin: 4320,edad: 41,sueldo: 10754
nombres: EIJI,usuario: 8316,pin: 8316,edad: 55,sueldo: 16818
nombres: DUCL,usuario: 4120,pin: 4120,edad: 54,sueldo: 12574
nombres: OISS,usuario: 8566,pin: 8566,edad: 70,sueldo: 11516
nombres: YPPN,usuario: 6486,pin: 6486,edad: 66,sueldo: 14749
nombres: BPTS,usuario: 4102,pin: 4102,edad: 35,sueldo: 15508
nombres: SZSI,usuario: 1858,pin: 1858,edad: 37,sueldo: 15987
nombres: MOTJ,usuario: 6490,pin: 6490,edad: 59,sueldo: 11281
nombres: DNVQ,usuario: 1996,pin: 1996,edad: 40,sueldo: 11785
nombres: ATNE,usuario: 4564,pin: 4564,edad: 34,sueldo: 17333
nombres: GEXK,usuario: 9921,pin: 9921,edad: 65,sueldo: 16129
nombres: HDDA,usuario: 4340,pin: 4340,edad: 70,sueldo: 11731
nombres: PTFV,usuario: 7648,pin: 7648,edad: 21,sueldo: 16332
nombres: JIUW,usuario: 2814,pin: 2814,edad: 64,sueldo: 13849
nombres: BRUC,usuario: 3912,pin: 3912,edad: 39,sueldo: 18569
nombres: RVZN,usuario: 5562,pin: 5562,edad: 48,sueldo: 10763
nombres: HJWZ,usuario: 6606,pin: 6606,edad: 66,sueldo: 10664
nombres: ZECR,usuario: 1444,pin: 1444,edad: 39,sueldo: 10559
nombres: KFRV,usuario: 3007,pin: 3007,edad: 26,sueldo: 13070
nombres: RDWR,usuario: 4228,pin: 4228,edad: 55,sueldo: 12944
nombres: CQPK,usuario: 8658,pin: 8658,edad: 52,sueldo: 13737
nombres: WXWT,usuario: 6030,pin: 6030,edad: 21,sueldo: 14425
nombres: MQEL,usuario: 1204,pin: 1204,edad: 44,sueldo: 11825
nombres: GBIJ,usuario: 3549,pin: 3549,edad: 70,sueldo: 14316
nombres: HIIU,usuario: 8761,pin: 8761,edad: 27,sueldo: 17283
nombres: OVBE,usuario: 4439,pin: 4439,edad: 24,sueldo: 17589
nombres: LPBH,usuario: 6560,pin: 6560,edad: 36,sueldo: 13444
nombres: HBAV,usuario: 7705,pin: 7705,edad: 76,sueldo: 14137
nombres: AHLI,usuario: 6164,pin: 6164,edad: 61,sueldo: 12943
nombres: DFPE,usuario: 3831,pin: 3831,edad: 54,sueldo: 17052
nombres: LIXL,usuario: 7420,pin: 7420,edad: 67,sueldo: 18034
nombres: TOLH,usuario: 8191,pin: 8191,edad: 47,sueldo: 14500
nombres: WXKY,usuario: 4709,pin: 4709,edad: 28,sueldo: 14823
nombres: CYJE,usuario: 6537,pin: 6537,edad: 44,sueldo: 14443
nombres: OQZH,usuario: 5821,pin: 5821,edad: 28,sueldo: 18695
nombres: GTUJ,usuario: 4072,pin: 4072,edad: 42,sueldo: 11849
nombres: UGNR,usuario: 2646,pin: 2646,edad: 60,sueldo: 10768
nombres: OTCP,usuario: 4301,pin: 4301,edad: 20,sueldo: 15535
nombres: FHEJ,usuario: 2364,pin: 2364,edad: 55,sueldo: 14724
nombres: MFPT,usuario: 4200,pin: 4200,edad: 62,sueldo: 15624
nombres: EGHM,usuario: 6815,pin: 6815,edad: 33,sueldo: 12367
nombres: VKLS,usuario: 6174,pin: 6174,edad: 60,sueldo: 11044
nombres: BVXC,usuario: 8162,pin: 8162,edad: 77,sueldo: 11541
nombres: VMLJ,usuario: 8573,pin: 8573,edad: 36,sueldo: 12224
nombres: XXOO,usuario: 1983,pin: 1983,edad: 77,sueldo: 18591
nombres: LAYG,usuario: 6213,pin: 6213,edad: 27,sueldo: 15584
nombres: QDAU,usuario: 6418,pin: 6418,edad: 52,sueldo: 11991
nombres: VJAF,usuario: 1566,pin: 1566,edad: 76,sueldo: 13345
nombres: QTAX,usuario: 9430,pin: 9430,edad: 29,sueldo: 14833
nombres: BRUK,usuario: 2287,pin: 2287,edad: 43,sueldo: 15692
nombres: GJMX,usuario: 4800,pin: 4800,edad: 57,sueldo: 12508
nombres: AZLP,usuario: 3597,pin: 3597,edad: 40,sueldo: 12071
nombres: PEZP,usuario: 3561,pin: 3561,edad: 27,sueldo: 11965
nombres: HVPC,usuario: 9980,pin: 9980,edad: 36,sueldo: 17828
nombres: QGIV,usuario: 1953,pin: 1953,edad: 79,sueldo: 15289
nombres: IRQV,usuario: 7199,pin: 7199,edad: 58,sueldo: 10660
nombres: UYXP,usuario: 3638,pin: 3638,edad: 70,sueldo: 13168
nombres: IREU,usuario: 1762,pin: 1762,edad: 62,sueldo: 11000
nombres: FFSV,usuario: 2364,pin: 2364,edad: 74,sueldo: 16833
nombres: GUXE,usuario: 2827,pin: 2827,edad: 54,sueldo: 10110
